PBOA/201/01085C,RM1000EV59,2014-07-23T03:49:15.449+00:00,2015-06-12T05:45:52.881+00:00,Yes
PBOA/201/01085C,RM1000EV59,2014-07-23T03:49:15.449+00:00,2015-06-12T05:45:52.881+00:00,Yes
PBOA/201/01085C,RM1000EV59,2014-07-23T03:49:15.449+00:00,2015-06-12T05:45:52.881+00:00,Yes
PBOA/201/01085C,RM1000EV59,2014-07-23T03:49:15.449+00:00,2015-06-12T05:45:52.881+00:00,Yes
PBOA/201/01085C,RM1000EV59,2014-07-23T03:49:15.449+00:00,2015-06-12T05:45:52.881+00:00,Yes
PBOA/201/01085C,RM1000EV59,2014-07-23T03:49:15.449+00:00,2015-06-12T05:45:52.881+00:00,Yes
PBOA/201/01085C,RM1000EV59,2014-07-23T03:49:15.449+00:00,2015-06-12T05:45:52.881+00:00,Yes
PBOA/201/01085C,RM1000EV59,2014-07-23T03:49:15.449+00:00,2015-06-12T05:45:52.881+00:00,Yes
PBOA/201/01085C,RM1000EV59,2014-07-23T03:49:15.449+00:00,2015-06-12T05:45:52.881+00:00,Yes
PBOA/201/01085C,RM1000EV59,2014-07-23T03:49:15.449+00:00,2015-06-12T05:45:52.881+00:00,Yes
PBOA/201/01085C,RM1000EV59,2014-07-23T03:49:15.449+00:00,2015-06-12T05:45:52.881+00:00,Yes
PBOA/201/01085C,RM1000EV59,2014-07-23T03:49:15.449+00:00,2015-06-12T05:45:52.881+00:00,Yes
PBOA/201/01085C,RM1000EV59,2014-07-23T03:49:15.449+00:00,2015-06-12T05:45:52.881+00:00,Yes
PBOA/201/01085C,RM1000EV59,2014-07-23T03:49:15.449+00:00,2015-06-12T05:45:52.881+00:00,Yes
PBOA/201/01085C,RM1000EV59,2014-07-23T03:49:15.449+00:00,2015-06-12T05:45:52.881+00:00,Yes
PBOA/201/01085C,RM1000EV59,2014-07-23T03:49:15.449+00:00,2015-06-12T05:45:52.881+00:00,Yes
PBOA/201/01085C,RM1000EV59,2014-07-23T03:49:15.449+00:00,2015-06-12T05:45:52.881+00:00,Yes
PBOA/201/01085C,RM1000EV59,2014-07-23T03:49:15.449+00:00,2015-06-12T05:45:52.881+00:00,Yes
PBOA/201/01085C,RM1000EV59,2014-07-23T03:49:15.449+00:00,2015-06-12T05:45:52.881+00:00,Yes
PBOA/201/01085C,RM1000EV59,2014-07-23T03:49:15.449+00:00,2015-06-12T05:45:52.881+00:00,Yes
PBOA/201/01085C,RM1000EV59,2014-07-23T03:49:15.449+00:00,2015-06-12T05:45:52.881+00:00,Yes
PBOA/201/01085C,RM1000EV59,2014-07-23T03:49:15.449+00:00,2015-06-12T05:45:52.881+00:00,Yes
PBOA/201/01085C,RM1000EV59,2014-07-23T03:49:15.449+00:00,2015-06-12T05:45:52.881+00:00,Yes
PBOA/201/01085C,RM1000EV59,2014-07-23T03:49:15.449+00:00,2015-06-12T05:45:52.881+00:00,Yes
PBOA/201/01085C,RM1000EV59,2014-07-23T03:49:15.449+00:00,2015-06-12T05:45:52.881+00:00,Yes
PBOA/201/01085C,RM1000EV59,2014-07-23T03:49:15.449+00:00,2015-06-12T05:45:52.881+00:00,No
PBOA/201/01085C,RM1000EV59,2014-07-23T03:49:15.449+00:00,2015-06-12T05:45:52.881+00:00,Yes
PBOA/201/01085C,RM1000EV59,2014-07-23T03:49:15.449+00:00,2015-06-12T05:45:52.881+00:00,Yes
PBOA/201/01085C,RM1000EV59,2014-07-23T03:49:15.449+00:00,2015-06-12T05:45:52.881+00:00,Yes
PBOA/201/01085C,RM1000EV59,2014-07-23T03:49:15.449+00:00,2015-06-12T05:45:52.881+00:00,Yes
PBOA/201/01085C,RM1000EV59,2014-07-23T03:49:15.449+00:00,2015-06-12T05:45:52.881+00:00,No
PBOA/201/01085C,RM1000EV59,2014-07-23T03:49:15.449+00:00,2015-06-12T05:45:52.881+00:00,Yes
PBOA/201/01085C,RM1000EV59,2014-07-23T03:49:15.449+00:00,2015-06-12T05:45:52.881+00:00,Yes
PBOA/201/01085C,RM1000EV59,2014-07-23T03:49:15.449+00:00,2015-06-12T05:45:52.881+00:00,Yes
PBOA/201/01085C,RM1000EV59,2014-07-23T03:49:15.449+00:00,2015-06-12T05:45:52.881+00:00,Yes
PBOA/201/01085C,RM1000EV59,2014-07-23T03:49:15.449+00:00,2015-06-12T05:45:52.881+00:00,Yes
PBOA/201/01085C,RM1000EV59,2014-07-23T03:49:15.449+00:00,2015-06-12T05:45:52.881+00:00,Yes
PBOA/201/01085C,RM1000EV59,2014-07-23T03:49:15.449+00:00,2015-06-12T05:45:52.881+00:00,Yes
PBOA/201/01085C,RM1000EV59,2014-07-23T03:49:15.449+00:00,2015-06-12T05:45:52.881+00:00,Yes
PBOA/201/01085C,RM1000EV59,2014-07-23T03:49:15.449+00:00,2015-06-12T05:45:52.881+00:00,Yes
PBOA/201/01085C,RM1000EV59,2014-07-23T03:49:15.449+00:00,2015-06-12T05:45:52.881+00:00,Yes
PBOA/201/01085C,RM1000EV59,2014-07-23T03:49:15.449+00:00,2015-06-12T05:45:52.881+00:00,Yes
PBOA/201/01085C,RM1000EV59,2014-07-23T03:49:15.449+00:00,2015-06-12T05:45:52.881+00:00,Yes
PBOA/201/01085C,RM1000EV59,2014-07-23T03:49:15.449+00:00,2015-06-12T05:45:52.881+00:00,Yes
PBOA/201/01085C,RM1000EV59,2014-07-23T03:49:15.449+00:00,2015-06-12T05:45:52.881+00:00,Yes
PBOA/201/01085C,RM1000EV59,2014-07-23T03:49:15.449+00:00,2015-06-12T05:45:52.881+00:00,Yes
PBOA/201/01085C,RM1000EV59,2014-07-23T03:49:15.449+00:00,2015-06-12T05:45:52.881+00:00,Yes
PBOA/201/01085C,RM1000EV59,2014-07-23T03:49:15.449+00:00,2015-06-12T05:45:52.881+00:00,Yes
PBOA/201/01085C,RM1000EV59,2014-07-23T03:49:15.449+00:00,2015-06-12T05:45:52.881+00:00,Yes
PBOA/201/01085C,RM1000EV59,2014-07-23T03:49:15.449+00:00,2015-06-12T05:45:52.881+00:00,Yes
PBOA/201/01085C,RM1000EV59,2014-07-23T03:49:15.449+00:00,2015-06-12T05:45:52.881+00:00,Yes
PBOA/201/01085C,RM1000EV59,2014-07-23T03:49:15.449+00:00,2015-06-12T05:45:52.881+00:00,Yes
PBOA/201/01085C,RM1000EV59,2014-07-23T03:49:15.449+00:00,2015-06-12T05:45:52.881+00:00,Yes
PBOA/201/01085C,RM1000EV59,2014-07-23T03:49:15.449+00:00,2015-06-12T05:45:52.881+00:00,Yes
PBOA/201/01085C,RM1000EV59,2014-07-23T03:49:15.449+00:00,2015-06-12T05:45:52.881+00:00,Yes
PBOA/201/01085C,RM1000EV59,2014-07-23T03:49:15.449+00:00,2015-06-12T05:45:52.881+00:00,Yes
PBOA/201/01085C,RM1000EV59,2014-07-23T03:49:15.449+00:00,2015-06-12T05:45:52.881+00:00,Yes
